query,回答,相关图片,flag,username,timestamp
"图片展示了什么
","'根据提供的文本，可以看出这些人是参与了一些项目的成员。不过，没有提供任何关于图片的描述或上下文。因此，无法确定图片展示了什么。

📚 来源段落：
1. Kaixuan $\mathbf { F a n ^ { 1 , 2 * \dagger } } ,$ Kaituo Fengl\*, Haoming Lyu?, Dongzhan Zhou?t, Xiangyu Yue 'MMLab, The Chinese University of Hong ...
2. Rui Ye1,\* Xiangrui Liu1,\* Qimin Wu1 Xianghe Pang1 Zhenfei Yin2,3 Lei Bai4 Siheng Chen1,+   1 Shanghai Jiao Tong University 2 University of Oxford 3 ...
3. Chengzhuo Tong\*4, Ziyu Guo\*1, Renrui Zhang\*+2, Wenyu Shan, Xinyu Wei3 Zhenghao $\mathbf { X _ { i n g } } ^ { 1 }$ , Hongsheng $\mathbf { L i ^ { 2...
4. |On each of exactly seven consecutive days (day 1 though day 7), a pet shop features exactly one of three breeds of kitten Himalayan, Manx, Siamese--a...
",C:\Users\JLIU\Desktop\Project_A\flagged\相关图片\1f5914e3-4145-468c-83e9-263d5842655a,,,2025-05-25 12:48:17.156914
